{"loss":50.78762620672849,"epoch":100,"_timestamp":1.768927176578736e+09,"_step":1099,"_runtime":0,"_wandb":{"runtime":0},"weight_norm":25.694217122811338,"bias":44.32155341104439,"step":991}