{"epoch":10,"step":388,"loss":8.31632864066552,"weight_norm":28.941473748481044,"_timestamp":1.7689264442546968e+09,"_wandb":{"runtime":0},"_runtime":0,"_step":439,"bias":49.96710751128814}