{"bias":49.9419653337453,"_timestamp":1.768927354781331e+09,"weight_norm":28.953344433225116,"_wandb":{"runtime":9},"epoch":1000,"loss":6.05395815675506,"step":21002,"_step":21999,"_runtime":9}