{"_timestamp":1.768927202988344e+09,"loss":8.857346360102861,"_wandb":{"runtime":2},"step":9991,"bias":49.94129581230848,"_step":10999,"_runtime":2,"epoch":1000,"weight_norm":28.954179995279805}