{"_step":4399,"weight_norm":28.945865800911832,"bias":49.97453836581851,"_runtime":1,"epoch":100,"loss":8.31260644536232,"_timestamp":1.768926522167131e+09,"step":4258,"_wandb":{"runtime":1}}