{"_wandb":{"runtime":9},"step":21002,"bias":49.9419653337453,"_timestamp":1.768928243801415e+09,"loss":6.05395815675506,"_runtime":9,"_step":21999,"epoch":1000,"weight_norm":28.953344433225116}