{"_runtime":9,"loss":6.05395815675506,"weight_norm":28.953344433225116,"_timestamp":1.768927323143869e+09,"step":20980,"bias":49.9419653337453,"epoch":1000,"_step":21999,"_wandb":{"runtime":9}}