{"_runtime":0,"epoch":100,"weight_norm":28.96622763854345,"_timestamp":1.768927145385227e+09,"step":991,"bias":49.95454101526649,"loss":8.884088990911042,"_step":1099,"_wandb":{"runtime":0}}