{"bias":49.9419653337453,"step":20980,"_step":21999,"_timestamp":1.76892729681175e+09,"_wandb":{"runtime":8},"weight_norm":28.953344433225116,"epoch":1000,"_runtime":8,"loss":6.05395815675506}