{"step":991,"loss":8.884088990911042,"_step":1099,"weight_norm":28.96622763854345,"bias":49.95454101526649,"_runtime":0,"_timestamp":1.7689265763160949e+09,"epoch":100,"_wandb":{"runtime":0}}