{"_runtime":3,"_timestamp":1.7689272312123232e+09,"_step":10999,"_wandb":{"runtime":3},"epoch":1000,"loss":50.812231890997275,"step":9991,"weight_norm":25.694245000285235,"bias":44.319465168005586}