{"weight_norm":28.96622763854345,"_wandb":{"runtime":0},"_runtime":0,"_timestamp":1.7689270468291478e+09,"epoch":100,"step":991,"bias":49.95454101526649,"loss":8.884088990911042,"_step":1099}