{"epoch":1000,"loss":6.3626314916438504,"weight_norm":28.586194277984408,"_runtime":8,"_timestamp":1.768927268641855e+09,"_step":21999,"step":20980,"_wandb":{"runtime":8},"bias":49.30764011281717}